{
    "version": "0.1.0",
    "ops": 
        [
            {
                "host": "opscenter",
                "administratorProtocol": "https",
                "administratorPort": 20961,
                "administratorUser": "sysadmin",
                "administratorPassword": "sysadmin",
                "analyzerProtocol": "https",
                "analyzerPort": 8443,
                "analyzerUser": "admin",
                "analyzerPassword": "password",
                "verify": false
            }
        ]
}
