[
    {
        "title": "Storages Overview",
        "type": "administrator",
        "table": "hvStorages",
        "url": "{}://{}:{}/v1/storage-systems",
        "jsonfilter": "f_response['resources']",
        "data": 
            [
                {
                "id": "1",
                "title": "Storage Information",
                "type": "table",
                "parameter":
                    {
                        "columnsFloat": 
                            [
                            ],
                        "columnsStr":
                            [
                                "storageSystemId",
                                "date",
                                "storageSystemName",
                                "model",
                                "svpIpAddress",
                                "gum1IpAddress",
                                "gum2IpAddress",
                                "firmwareVersion",
                                "horcmVersion"
                            ]
                    }
                },
                {
                    "id": "2",
                    "title": "Storage Capacity (GB)",
                    "type": "plot",
                    "parameter":
                        {
                            "columnsFloat": 
                                [
                                    "cacheCapacity",
                                    "totalUsableCapacity",
                                    "allocatedToPool",
                                    "unallocatedToPool",
                                    "usedCapacity",
                                    "availableCapacity",
                                    "subscribedCapacity",
                                    "unusedDisksCapacity"
                                ],
                            "columnsStr":
                                [
                                    "storageSystemId",
                                    "date"
                                ]
                        }
                    },
                    {
                        "id": "3",
                        "title": "Total Storage Efficiency (%)",
                        "type": "plot",
                        "parameter":
                            {
                                "columnsFloat": 
                                    [
                                        "dataReductionSavingsRate",
                                        "capacityEfficiencyRate",
                                        "totalEfficiency.totalEfficiencyRate.value",
                                        "totalEfficiency.dataReductionEfficiency.totalDataReductionRate.value",
                                        "totalEfficiency.snapshotEfficiencyRate.value",
                                        "totalEfficiency.provisioningEfficiencyPercentage.value"
                                    ],
                                "columnsStr":
                                    [
                                        "storageSystemId",
                                        "date"
                                    ]
                            }
                        },
                        {
                        "id": "4",
                        "title": "Storage Software Saving Efficiency (%)",
                        "type": "plot",
                        "parameter":
                            {
                                "columnsFloat": 
                                    [
                                        "totalEfficiency.dataReductionEfficiency.softwareSavingEfficiency.totalSoftwareSavingRate.value",
                                        "totalEfficiency.dataReductionEfficiency.softwareSavingEfficiency.compressionRate.value",
                                        "totalEfficiency.dataReductionEfficiency.softwareSavingEfficiency.deduplicationRate.value",
                                        "totalEfficiency.dataReductionEfficiency.softwareSavingEfficiency.patternMatchingRate.value"
                                    ],
                                "columnsStr":
                                    [
                                        "storageSystemId",
                                        "date"
                                    ]
                            }
                        },
                        {
                        "id": "5",
                        "title": "Storage FMD Saving Efficiency (%)",
                        "type": "plot",
                        "parameter":
                            {
                                "columnsFloat": 
                                    [
                                        "totalEfficiency.dataReductionEfficiency.fmdSavingEfficiency.totalFmdSavingRate.value",
                                        "totalEfficiency.dataReductionEfficiency.fmdSavingEfficiency.compressionRate.value",
                                        "totalEfficiency.dataReductionEfficiency.fmdSavingEfficiency.patternMatchingRate.value"
                                    ],
                                "columnsStr":
                                    [
                                        "storageSystemId",
                                        "date"
                                    ]
                            }
                        }
            ]
    },
    {
        "title": "Storage Health",
        "type": "administrator",
        "table": "hvStorageHealth",
        "url": "{}://{}:{}/v1/monitoring/status/{}/hardware",
        "jsonfilter": "f_response['hardwareComponents']",
        "data": 
            [
                {
                "id": "1",
                "title": "Storage Health",
                "type": "table",
                "parameter":
                    {
                        "columnsFloat": 
                            [
                            ],
                        "columnsStr":
                            [
                                "storageSystemId",
                                "date",
                                "diskAlerts",
                                "powerSupplyAlerts",
                                "batteryAlerts",
                                "fanAlerts",
                                "portAlerts",
                                "cacheAlerts",
                                "memoryAlerts",
                                "processorAlerts"
                            ]
                    }
                }
            ]
    },
    {
        "title": "Parity Groups",
        "type": "administrator",
        "table": "hvParityGroups",
        "url": "{}://{}:{}/v1/storage-systems/{}/parity-groups",
        "jsonfilter": "f_response['resources']",
        "data": 
            [
                {
                "id": "1",
                "title": "Parity Groups",
                "type": "table",
                "parameter":
                    {
                        "columnsFloat": 
                            [
                            ],
                        "columnsStr":
                            [
                                "storageSystemId",
                                "date",
                                "parityGroupId",
                                "raidLevel",
                                "raidLayout",
                                "encryption",
                                "compression",
                                "diskSpec.type"
                            ]
                    }
                }
            ]
    },
    {
        "title": "Pools",
        "type": "administrator",
        "table": "hvPools",
        "url": "{}://{}:{}/v1/storage-systems/{}/storage-pools",
        "jsonfilter": "f_response['resources']",
        "data": 
            [
                {
                "id": "1",
                "title": "Pool Overview",
                "type": "table",
                "parameter":
                    {
                        "columnsFloat": 
                            [
                            ],
                        "columnsStr":
                            [
                                "storageSystemId",
                                "date",
                                "storagePoolId",
                                "label",
                                "type",
                                "status",
                                "tieringMode",
                                "ddmEnabled",
                                "encrypted",
                                "fmcCompressed",
                                "deduplicationEnabled"
                            ]
                    }
                },
                {
                    "id": "2",
                    "title": "Pool Capacity (GB)",
                    "type": "plot",
                    "parameter":
                        {
                            "columnsFloat": 
                                [
                                    "capacityInBytes",
                                    "usedCapacityInBytes",
                                    "availableCapacityInBytes",
                                    "usedSubscribedCapacityInBytes",
                                    "logicalCapacityInBytes",
                                    "usedLogicalCapacityInBytes",
                                    "availableLogicalCapacityInBytes",
                                    "deduplicationSystemDataCapacityInBytes"
                                ],
                            "columnsStr":
                                [
                                    "storageSystemId",
                                    "date",
                                    "storagePoolId"
                                ]
                        }
                    },
                    {
                        "id": "3",
                        "title": "Total Pool Efficiency (%)",
                        "type": "plot",
                        "parameter":
                            {
                                "columnsFloat": 
                                    [
                                        "dataReductionSavingsRate",
                                        "capacityEfficiencyRate",
                                        "totalEfficiency.totalEfficiencyRate.value",
                                        "totalEfficiency.dataReductionEfficiency.totalDataReductionRate.value",
                                        "totalEfficiency.snapshotEfficiencyRate.value",
                                        "totalEfficiency.provisioningEfficiencyPercentage.value"
                                    ],
                                "columnsStr":
                                    [
                                        "storageSystemId",
                                        "date",
                                        "storagePoolId"
                                    ]
                            }
                        },
                        {
                            "id": "4",
                            "title": "Pool Software Saving Efficiency (%)",
                            "type": "plot",
                            "parameter":
                                {
                                    "columnsFloat": 
                                        [
                                            "totalEfficiency.dataReductionEfficiency.softwareSavingEfficiency.totalSoftwareSavingRate.value",
                                            "totalEfficiency.dataReductionEfficiency.softwareSavingEfficiency.compressionRate.value",
                                            "totalEfficiency.dataReductionEfficiency.softwareSavingEfficiency.deduplicationRate.value",
                                            "totalEfficiency.dataReductionEfficiency.softwareSavingEfficiency.patternMatchingRate.value"
                                        ],
                                    "columnsStr":
                                        [
                                            "storageSystemId",
                                            "date",
                                            "storagePoolId"
                                        ]
                                }
                            },
                            {
                            "id": "5",
                            "title": "Pool FMD Saving Efficiency (%)",
                            "type": "plot",
                            "parameter":
                                {
                                    "columnsFloat": 
                                        [
                                            "totalEfficiency.dataReductionEfficiency.fmdSavingEfficiency.totalFmdSavingRate.value",
                                            "totalEfficiency.dataReductionEfficiency.fmdSavingEfficiency.compressionRate.value",
                                            "totalEfficiency.dataReductionEfficiency.fmdSavingEfficiency.patternMatchingRate.value"
                                        ],
                                    "columnsStr":
                                        [
                                            "storageSystemId",
                                            "date",
                                            "storagePoolId"
                                        ]
                                }
                            }
            ]
    },
    {
        "title": "Data Protection",
        "type": "administrator",
        "table": "hvDataProtection",
        "url": "{}://{}:{}/v1/data-protection/storage-systems/{}/summary",
        "jsonfilter": "f_response",
        "data": 
            [
                {
                "id": "1",
                "title": "Protection Capacity (GB)",
                "type": "plot",
                "parameter":
                    {
                        "columnsFloat": 
                            [
                                "protectedCapacity",
                                "unprotectedCapacity",
                                "secondaryCapacity"
                            ],
                        "columnsStr":
                            [
                                "storageSystemId",
                                "date"
                            ]
                    }
                },
                {
                    "id": "2",
                    "title": "Protection Volumes (#)",
                    "type": "plot",
                    "parameter":
                        {
                            "columnsFloat": 
                                [
                                    "protectedVolumes",
                                    "unprotectedVolumes",
                                    "secondaryVolumes",
                                    "failedVolumes"
                                ],
                            "columnsStr":
                                [
                                    "storageSystemId",
                                    "date"
                                ]
                        }
                    }
            ]
    },
    {
        "title": "MP Utilization",
        "type": "analyzer",
        "table": "hvMpUtilization",
        "url": "{}://{}:{}/dbapi.do?action=query&dataset=defaultDs&processSync=true",
        "jsonfilter": "{{'result':[r for r in f_response['result'] if '{}' in r.keys()]}}['result'], record_path=['{}', 'data'],meta=[['signature'],['{}', 'start']], record_prefix='data', errors='ignore'",
        "query": "(useStrictAggr=true)raidStorage[@utilization rx b .*]{resourceRollupOp=avg,inputCounters=raidMPB.utilization,intervalRollUpOp=AVG,outputIntervalInSec=600}",
        "data": 
            [
                {
                "id": "1",
                "title": "MP Utilization (%)",
                "type": "monthly",
                "parameter":
                    {
                        "columnsFloat": 
                            [
                                "utilization"
                            ],
                        "columnsStr":
                            [
                                "storageSystemId",
                                "date"
                            ]
                    }
                }
            ]
    },
    {
        "title": "MPB Utilization",
        "type": "analyzer",
        "table": "hvMpbUtilization",
        "url": "{}://{}:{}/dbapi.do?action=query&dataset=defaultDs&processSync=true",
        "jsonfilter": "{{'result':[r for r in f_response['result'] if 'related' in r.keys()]}}['result'], record_path=['related', '{}', 'data'],meta=['signature', ['related', 'signature'], ['related', '{}', 'start']], record_prefix='data', errors='ignore'",
        "query": "(useStrictAggr=true)raidStorage/raidMPB[@utilization rx b .*]{intervalRollUpOp=AVG,outputIntervalInSec=600}",
        "data": 
            [
                {
                "id": "1",
                "title": "MPB Utilization (%)",
                "type": "daily",
                "parameter":
                    {
                        "columnsFloat": 
                            [
                                "utilization"
                            ],
                        "columnsStr":
                            [
                                "storageSystemId",
                                "date",
                                "mpb"
                            ]
                    }
                }
            ]
    },
    {
        "title": "Storage IOPS",
        "type": "analyzer",
        "table": "hvIops",
        "url": "{}://{}:{}/dbapi.do?action=query&dataset=defaultDs&processSync=true",
        "jsonfilter": "{{'result':[r for r in f_response['result'] if '{}' in r.keys()]}}['result'], record_path=['{}', 'data'],meta=[['signature'],['{}', 'start']], record_prefix='data', errors='ignore'",
        "query": "(useStrictAggr=true)raidStorage[=name rx .*][@readIOPS rx b .*]{resourceRollupOp=avg,inputCounters=raidLdev.readIOPS,intervalRollUpOp=AVG,outputIntervalInSec=600}[@writeIOPS rx b .*]{resourceRollupOp=avg,inputCounters=raidLdev.writeIOPS,intervalRollUpOp=AVG,outputIntervalInSec=600}[@totalIOPS rx b .*]{resourceRollupOp=avg,inputCounters=raidLdev.totalIOPS,intervalRollUpOp=AVG,outputIntervalInSec=600}[@randomReadIOPS rx b .*]{resourceRollupOp=avg,inputCounters=raidLdev.randomReadIOPS,intervalRollUpOp=AVG,outputIntervalInSec=600}[@randomWriteIOPS rx b .*]{resourceRollupOp=avg,inputCounters=raidLdev.randomWriteIOPS,intervalRollUpOp=AVG,outputIntervalInSec=600}[@seqReadIOPS rx b .*]{resourceRollupOp=avg,inputCounters=raidLdev.seqReadIOPS,intervalRollUpOp=AVG,outputIntervalInSec=600}[@seqWriteIOPS rx b .*]{resourceRollupOp=avg,inputCounters=raidLdev.seqWriteIOPS,intervalRollUpOp=AVG,outputIntervalInSec=600}",
        "data": 
            [
                {
                "id": "1",
                "title": "Storage IOPS (K)",
                "type": "monthly",
                "parameter":
                    {
                        "columnsFloat": 
                            [
                                "readIOPS",
                                "writeIOPS",
                                "totalIOPS",
                                "randomReadIOPS",
                                "randomWriteIOPS",
                                "seqReadIOPS",
                                "seqWriteIOPS"
                            ],
                        "columnsStr":
                            [
                                "storageSystemId",
                                "date"
                            ]
                    }
                }
            ]
    },
    {
        "title": "Storage Transfer Rate (KB/s)",
        "type": "analyzer",
        "table": "hvTransferRate",
        "url": "{}://{}:{}/dbapi.do?action=query&dataset=defaultDs&processSync=true",
        "jsonfilter": "{{'result':[r for r in f_response['result'] if '{}' in r.keys()]}}['result'], record_path=['{}', 'data'],meta=[['signature'],['{}', 'start']], record_prefix='data', errors='ignore'",
        "query": "(useStrictAggr=true)raidStorage[=name rx .*][@readTransRate rx b .*]{resourceRollupOp=avg,inputCounters=raidLdev.readTransRate,intervalRollUpOp=AVG,outputIntervalInSec=600}[@writeTransRate rx b .*]{resourceRollupOp=avg,inputCounters=raidLdev.writeTransRate,intervalRollUpOp=AVG,outputIntervalInSec=600}[@transferRate rx b .*]{resourceRollupOp=avg,inputCounters=raidLdev.transferRate,intervalRollUpOp=AVG,outputIntervalInSec=600}[@randomReadTransRate rx b .*]{resourceRollupOp=avg,inputCounters=raidLdev.randomReadTransRate,intervalRollUpOp=AVG,outputIntervalInSec=600}[@randomWriteTransRate rx b .*]{resourceRollupOp=avg,inputCounters=raidLdev.randomWriteTransRate,intervalRollUpOp=AVG,outputIntervalInSec=600}[@seqReadTransRate rx b .*]{resourceRollupOp=avg,inputCounters=raidLdev.seqReadTransRate,intervalRollUpOp=AVG,outputIntervalInSec=600}[@seqWriteTransRate rx b .*]{resourceRollupOp=avg,inputCounters=raidLdev.seqWriteTransRate,intervalRollUpOp=AVG,outputIntervalInSec=600}",
        "data": 
            [
                {
                "id": "1",
                "title": "Transfer Rate (KB/s)",
                "type": "monthly",
                "parameter":
                    {
                        "columnsFloat": 
                            [
                                "readTransRate",
                                "writeTransRate",
                                "transferRate",
                                "randomReadTransRate",
                                "randomWriteTransRate",
                                "seqReadTransRate",
                                "seqWriteTransRate"
                            ],
                        "columnsStr":
                            [
                                "storageSystemId",
                                "date"
                            ]
                    }
                }
            ]
    },
    {
        "title": "Storage Respose Time",
        "type": "analyzer",
        "table": "hvResponseTime",
        "url": "{}://{}:{}/dbapi.do?action=query&dataset=defaultDs&processSync=true",
        "jsonfilter": "{{'result':[r for r in f_response['result'] if '{}' in r.keys()]}}['result'], record_path=['{}', 'data'],meta=[['signature'],['{}', 'start']], record_prefix='data', errors='ignore'",
        "query": "(useStrictAggr=true)raidStorage[=name rx .*][@readResponseTime rx b .*]{resourceRollupOp=avg,inputCounters=raidLdev.readResponseTime,intervalRollUpOp=AVG,outputIntervalInSec=600}[@writeResponseTime rx b .*]{resourceRollupOp=avg,inputCounters=raidLdev.writeResponseTime,intervalRollUpOp=AVG,outputIntervalInSec=600}[@responseTime rx b .*]{resourceRollupOp=avg,inputCounters=raidLdev.responseTime,intervalRollUpOp=AVG,outputIntervalInSec=600}",
        "data": 
            [
                {
                "id": "1",
                "title": "Response Time (msec)",
                "type": "monthly",
                "parameter":
                    {
                        "columnsFloat": 
                            [
                                "readResponseTime",
                                "writeResponseTime",
                                "responseTime"
                            ],
                        "columnsStr":
                            [
                                "storageSystemId",
                                "date"
                            ]
                    }
                }
            ]
    },
    {
        "title": "Storage Cache Information",
        "type": "analyzer",
        "table": "hvCache",
        "url": "{}://{}:{}/dbapi.do?action=query&dataset=defaultDs&processSync=true",
        "jsonfilter": "{{'result':[r for r in f_response['result'] if '{}' in r.keys()]}}['result'], record_path=['{}', 'data'],meta=[['signature'],['{}', 'start']], record_prefix='data', errors='ignore'",
        "query": "(useStrictAggr=true)raidStorage[=name rx .*][@utilization rx b .*]{resourceRollupOp=avg,inputCounters=raidClpr.utilization,intervalRollUpOp=AVG,outputIntervalInSec=600}[@writePendingRate rx b .*]{resourceRollupOp=avg,inputCounters=raidClpr.writePendingRate,intervalRollUpOp=AVG,outputIntervalInSec=600}",
        "data": 
            [
                {
                "id": "1",
                "title": "Cache Information (%)",
                "type": "monthly",
                "parameter":
                    {
                        "columnsFloat": 
                            [
                                "utilization",
                                "writePendingRate"
                            ],
                        "columnsStr":
                            [
                                "storageSystemId",
                                "date"
                            ]
                    }
                }
            ]
    },
    {
        "title": "Storage Block Size Information",
        "type": "analyzer",
        "table": "hvBlockSizeSR",
        "url": "{}://{}:{}/dbapi.do?action=query&dataset=defaultDs&processSync=true",
        "jsonfilter": "{{'result':[r for r in f_response['result'] if '{}' in r.keys()]}}['result'], record_path=['{}', 'data'],meta=[['signature'],['{}', 'start']], record_prefix='data', errors='ignore'",
        "query": "(useStrictAggr=true)raidStorage[=name rx .*][@randomBlockSize rx b .*]{resourceRollupOp=weightedAvg,inputCounters=(raidLdev.randomIOPS:randomBlockSize),intervalRollUpOp=AVG,outputIntervalInSec=600}[@seqBlockSize rx b .*]{resourceRollupOp=weightedAvg,inputCounters=(raidLdev.seqIOPS:seqBlockSize),intervalRollUpOp=AVG,outputIntervalInSec=600}",
        "data": 
            [
                {
                "id": "1",
                "title": "Block Size (KB/IO)",
                "type": "monthly",
                "parameter":
                    {
                        "columnsFloat": 
                            [
                                "randomBlockSize",
                                "seqBlockSize"
                            ],
                        "columnsStr":
                            [
                                "storageSystemId",
                                "date"
                            ]
                    }
                }
            ]
    },
    {
        "title": "Pool Read / Write KB per IO Information",
        "type": "analyzer",
        "table": "hvBlockSizeRW",
        "url": "{}://{}:{}/dbapi.do?action=query&dataset=defaultDs&processSync=true",
        "jsonfilter": "{{'result':[r for r in f_response['result'] if 'related' in r.keys()]}}['result'], record_path=['related', '{}', 'data'],meta=['signature', ['related', 'signature'], ['related', '{}', 'start']], record_prefix='data', errors='ignore'",
        "query": "(useStrictAggr=true)raidStorage/&raidPool{includeSelfInRelation=true}[@writeKBPIO rx b .*]{intervalRollUpOp=AVG,outputIntervalInSec=600}[@readKBPIO rx b .*]{intervalRollUpOp=AVG,outputIntervalInSec=600}",
        "data": 
            [
                {
                "id": "1",
                "title": "Block Size (KB/IO)",
                "type": "none",
                "parameter":
                    {
                        "columnsFloat": 
                            [
                                "writeKBPIO",
                                "readKBPIO"
                            ],
                        "columnsStr":
                            [
                                "storageSystemId",
                                "date",
                                "pool"
                            ]
                    }
                }
            ]
    },
    {
        "title": "Port Response Time",
        "type": "analyzer",
        "table": "hvPortResponse",
        "url": "{}://{}:{}/dbapi.do?action=query&dataset=defaultDs&processSync=true",
        "jsonfilter": "{{'result':[r for r in f_response['result'] if 'related' in r.keys()]}}['result'], record_path=['related', '{}', 'data'],meta=['signature', ['related', 'signature'], ['related', '{}', 'start']], record_prefix='data', errors='ignore'",
        "query": "(useStrictAggr=true)raidStorage/&raidPort[@responseTime rx b .*]{intervalRollUpOp=AVG,outputIntervalInSec=600}[@readKBPIO rx b .*]{intervalRollUpOp=AVG,outputIntervalInSec=600}",
        "data": 
            [
                {
                "id": "1",
                "title": "Port Response Time (msec)",
                "type": "none",
                "parameter":
                    {
                        "columnsFloat": 
                            [
                                "responseTime"   
                            ],
                        "columnsStr":
                            [
                                "storageSystemId",
                                "date",
                                "port"
                            ]
                    }
                }
            ]
    }
]
